INSERT OR IGNORE INTO "books" ("id","title", "year", "isbn10", "isbn13", "shelf_mark")
VALUES
    (1, 'The Quantum Horizon', 2018, '0374285719', '978-0374285715', 'SF-2018-QH'),
    (2, 'Whispers of the Forgotten', 2019, '1250304768', '978-1250304766', 'FIC-2019-WF'),
    (3, 'Algorithmic Dreams', 2020, '0062897793', '978-0062897794', 'TECH-2020-AD'),
    (4, 'Echoes of Silence', 2017, '1501173219', '978-1501173219', 'FIC-2017-ES'),
    (5, 'The Carbon Diaries', 2021, '0316166405', '978-0316166409', 'SF-2021-CD'),
    (6, 'Neural Pathways', 2016, '0593311809', '978-0593311806', 'TECH-2016-NP'),
    (7, 'Midnight in Chernobyl', 2019, '0465094621', '978-0465094622', 'HIST-2019-MC'),
    (8, 'The Resilient City', 2020, '0393358399', '978-0393358391', 'URB-2020-RC'),
    (9, 'Cryptic Horizons', 2018, '0062693751', '978-0062693754', 'SF-2018-CH'),
    (10, 'Fragments of Memory', 2017, '1101904593', '978-1101904596', 'FIC-2017-FM'),
    (11, 'The Genetic Frontier', 2021, '0593311817', '978-0593311813', 'SCI-2021-GF'),
    (12, 'Shadows of the Metropolis', 2019, '0062897751', '978-0062897756', 'FIC-2019-SM'),
    (13, 'Quantum Mechanics for Poets', 2020, '0691178836', '978-0691178837', 'SCI-2020-QMP'),
    (14, 'The Silent Rebellion', 2016, '1501173206', '978-1501173202', 'FIC-2016-SR'),
    (15, 'Digital Consciousness', 2018, '0374285725', '978-0374285722', 'TECH-2018-DC'),
    (16, 'Waves of Uncertainty', 2019, '1250304776', '978-1250304773', 'SF-2019-WU'),
    (17, 'The Anthropocene Trilogy', 2017, '0316166413', '978-0316166416', 'SF-2017-AT'),
    (18, 'Neurological Landscapes', 2020, '0593311825', '978-0593311820', 'SCI-2020-NL'),
    (19, 'Echoes of the Void', 2018, '0062693768', '978-0062693761', 'SF-2018-EV'),
    (20, 'The Urban Metamorphosis', 2016, '1101904607', '978-1101904602', 'URB-2016-UM'),
    (21, 'Quantum Entanglements', 2021, '0374285733', '978-0374285739', 'SF-2021-QE'),
    (22, 'Resilient Networks', 2019, '1250304784', '978-1250304780', 'TECH-2019-RN'),
    (23, 'The Memory Architects', 2017, '0062897744', '978-0062897749', 'FIC-2017-MA'),
    (24, 'Chernobyl: A Hidden History', 2020, '0465094639', '978-0465094630', 'HIST-2020-CH'),
    (25, 'Synthetic Emotions', 2018, '0593311833', '978-0593311838', 'SF-2018-SE'),
    (26, 'The Quantum Paradox', 2016, '1101904615', '978-1101904619', 'SF-2016-QP'),
    (27, 'Urban Ecosystems', 2019, '0393358402', '978-0393358407', 'URB-2019-UE'),
    (28, 'Cryptographic Horizons', 2020, '0062693776', '978-0062693778', 'TECH-2020-CH'),
    (29, 'Shadows of Consciousness', 2017, '0316166421', '978-0316166424', 'FIC-2017-SC'),
    (30, 'The Genetic Revolution', 2021, '0691178844', '978-0691178845', 'SCI-2021-GR'),
    (31, 'Neural Networks', 2018, '1501173214', '978-1501173210', 'TECH-2018-NN'),
    (32, 'Echoes of Transformation', 2019, '0374285741', '978-0374285747', 'SF-2019-ET'),
    (33, 'The Silent City', 2020, '1250304792', '978-1250304797', 'FIC-2020-SC'),
    (34, 'Algorithmic Futures', 2016, '0062897737', '978-0062897732', 'TECH-2016-AF'),
    (35, 'Quantum Realms', 2017, '0593311841', '978-0593311846', 'SF-2017-QR'),
    (36, 'The Memory Matrix', 2019, '0465094647', '978-0465094644', 'SCI-2019-MM'),
    (37, 'Urban Resilience', 2020, '0393358410', '978-0393358414', 'URB-2020-UR'),
    (38, 'Fragments of Future', 2018, '1101904623', '978-1101904626', 'SF-2018-FF'),
    (39, 'Cryptic Memories', 2016, '0062693784', '978-0062693785', 'FIC-2016-CM'),
    (40, 'The Neurological Frontier', 2021, '0316166430', '978-0316166437', 'SCI-2021-NF'),
    (41, 'Digital Echoes', 2019, '1501173222', '978-1501173226', 'TECH-2019-DE'),
    (42, 'Shadows of the Algorithm', 2017, '0374285758', '978-0374285753', 'SF-2017-SA'),
    (43, 'Quantum Whispers', 2020, '1250304806', '978-1250304803', 'SF-2020-QW'),
    (44, 'The Urban Nexus', 2018, '0593311850', '978-0593311857', 'URB-2018-UN'),
    (45, 'Genetic Echoes', 2016, '0062897729', '978-0062897725', 'SCI-2016-GE'),
    (46, 'Neurological Pathways', 2019, '0465094655', '978-0465094652', 'TECH-2019-NP'),
    (47, 'The Memory Horizon', 2020, '0393358429', '978-0393358421', 'FIC-2020-MH'),
    (48, 'Cryptographic Memories', 2017, '1101904631', '978-1101904632', 'TECH-2017-CM'),
    (49, 'Quantum Landscapes', 2021, '0062693792', '978-0062693792', 'SF-2021-QL'),
    (50, 'Echoes of Resilience', 2018, '0316166448', '978-0316166445', 'URB-2018-ER');

INSERT OR IGNORE INTO "persons" ("id", "last_name", "first_names")
VALUES
    (1, 'Rodriguez', 'Elena Maria'),
    (2, 'Chen', 'Michael David'),
    (3, 'Nakamura', 'Keiko Sophia'),
    (4, 'Williams', 'James Robert'),
    (5, 'Patel', 'Anil Kumar'),
    (6, 'Schmidt', 'Klaus Heinrich'),
    (7, 'Novak', 'Anastasia Irina'),
    (8, 'Kim', 'Jae-Sung'),
    (9, 'Müller', 'Friedrich Wolfgang'),
    (10, 'Ramirez', 'Carlos Eduardo'),
    (11, 'Tanaka', 'Hiroshi Alexander'),
    (12, 'Dubois', 'Marie-Claire'),
    (13, 'Singh', 'Priya Lakshmi'),
    (14, 'Kowalski', 'Zbigniew Thomas'),
    (15, 'Garcia', 'Isabella Sophia'),
    (16, 'Ivanov', 'Dmitri Alexandrovich'),
    (17, 'Ahmed', 'Fatima Zahra'),
    (18, 'Nguyen', 'Linh Mai'),
    (19, 'Sato', 'Akira Daniel'),
    (20, 'Morales', 'Elena Cristina'),
    (21, 'Bauer', 'Johannes Karl'),
    (22, 'Lee', 'Sung-Min Christopher'),
    (23, 'Petrov', 'Natalia Sergeyevna'),
    (24, 'Yamamoto', 'Yuki Rin'),
    (25, 'Martinez', 'Diego Alejandro'),
    (26, 'Suzuki', 'Haruto James'),
    (27, 'Wagner', 'Sophie Elisabeth'),
    (28, 'Zhang', 'Wei Liang'),
    (29, 'Popescu', 'Andrei Mihai'),
    (30, 'Choi', 'Min-Jae Daniel'),
    (31, 'Fernandez', 'Lucia Carmen'),
    (32, 'Goto', 'Emi Katherine'),
    (33, 'Schulz', 'Hans Peter'),
    (34, 'Kimura', 'Rei Sophia'),
    (35, 'Ribeiro', 'João Miguel'),
    (36, 'Kwon', 'Ji-Eun Michelle'),
    (37, 'Rossi', 'Marco Giovanni'),
    (38, 'Park', 'Sung-Hoon Eric'),
    (39, 'Andersson', 'Linnea Sofia'),
    (40, 'Takahashi', 'Kenji Alexander'),
    (41, 'Gomez', 'Rafael Antonio'),
    (42, 'Nakagawa', 'Yuki Daniel'),
    (43, 'Saito', 'Rina Elizabeth'),
    (44, 'Weber', 'Klaus Stefan'),
    (45, 'Liu', 'Mei Ling'),
    (46, 'Ishikawa', 'Hiro Thomas'),
    (47, 'Novotny', 'Jana Eliska'),
    (48, 'Hassan', 'Amira Fatima'),
    (49, 'Watanabe', 'Keiko Sophie'),
    (50, 'Schwarz', 'Martin Rudolf');

INSERT OR IGNORE INTO "book_person" ("book_id", "person_id", "role", "order_index")
VALUES
    (1, 1, 'AUTHOR', 0),
    (1, 2, 'EDITOR', 1),
    (1, 3, 'AUTHOR', 2),
    (2, 4, 'AUTHOR', 0),
    (2, 5, 'EDITOR', 1),
    (2, 6, 'AUTHOR', 2),
    (3, 7, 'AUTHOR', 0),
    (3, 8, 'EDITOR', 1),
    (3, 9, 'AUTHOR', 2),
    (4, 10, 'AUTHOR', 0),
    (4, 11, 'EDITOR', 1),
    (4, 12, 'AUTHOR', 2),
    (5, 13, 'AUTHOR', 0),
    (5, 14, 'EDITOR', 1),
    (5, 15, 'AUTHOR', 2),
    (6, 16, 'AUTHOR', 0),
    (6, 17, 'EDITOR', 1),
    (6, 18, 'AUTHOR', 2),
    (7, 19, 'AUTHOR', 0),
    (7, 20, 'EDITOR', 1),
    (7, 21, 'AUTHOR', 2),
    (8, 22, 'AUTHOR', 0),
    (8, 23, 'EDITOR', 1),
    (8, 24, 'AUTHOR', 2),
    (9, 25, 'AUTHOR', 0),
    (9, 26, 'EDITOR', 1),
    (9, 27, 'AUTHOR', 2),
    (10, 28, 'AUTHOR', 0),
    (10, 29, 'EDITOR', 1),
    (10, 30, 'AUTHOR', 2),
    (11, 31, 'AUTHOR', 0),
    (11, 32, 'EDITOR', 1),
    (11, 33, 'AUTHOR', 2),
    (12, 34, 'AUTHOR', 0),
    (12, 35, 'EDITOR', 1),
    (12, 36, 'AUTHOR', 2),
    (13, 37, 'AUTHOR', 0),
    (13, 38, 'EDITOR', 1),
    (13, 39, 'AUTHOR', 2),
    (14, 40, 'AUTHOR', 0),
    (14, 41, 'EDITOR', 1),
    (14, 42, 'AUTHOR', 2),
    (15, 43, 'AUTHOR', 0),
    (15, 44, 'EDITOR', 1),
    (15, 45, 'AUTHOR', 2),
    (16, 46, 'AUTHOR', 0),
    (16, 47, 'EDITOR', 1),
    (16, 48, 'AUTHOR', 2),
    (17, 49, 'AUTHOR', 0),
    (17, 50, 'EDITOR', 1),
    (17, 1, 'AUTHOR', 2),
    (18, 2, 'AUTHOR', 0),
    (18, 3, 'EDITOR', 1),
    (18, 4, 'AUTHOR', 2),
    (19, 5, 'AUTHOR', 0),
    (19, 6, 'EDITOR', 1),
    (19, 7, 'AUTHOR', 2),
    (20, 8, 'AUTHOR', 0),
    (20, 9, 'EDITOR', 1),
    (20, 10, 'AUTHOR', 2),
    (21, 11, 'AUTHOR', 0),
    (21, 12, 'EDITOR', 1),
    (21, 13, 'AUTHOR', 2),
    (22, 14, 'AUTHOR', 0),
    (22, 15, 'EDITOR', 1),
    (22, 16, 'AUTHOR', 2),
    (23, 17, 'AUTHOR', 0),
    (23, 18, 'EDITOR', 1),
    (23, 19, 'AUTHOR', 2),
    (24, 20, 'AUTHOR', 0),
    (24, 21, 'EDITOR', 1),
    (24, 22, 'AUTHOR', 2),
    (25, 23, 'AUTHOR', 0),
    (25, 24, 'EDITOR', 1),
    (25, 25, 'AUTHOR', 2),
    (26, 26, 'AUTHOR', 0),
    (26, 27, 'EDITOR', 1),
    (26, 28, 'AUTHOR', 2),
    (27, 29, 'AUTHOR', 0),
    (27, 30, 'EDITOR', 1),
    (27, 31, 'AUTHOR', 2),
    (28, 32, 'AUTHOR', 0),
    (28, 33, 'EDITOR', 1),
    (28, 34, 'AUTHOR', 2),
    (29, 35, 'AUTHOR', 0),
    (29, 36, 'EDITOR', 1),
    (29, 37, 'AUTHOR', 2),
    (30, 38, 'AUTHOR', 0),
    (30, 39, 'EDITOR', 1),
    (30, 40, 'AUTHOR', 2),
    (31, 41, 'AUTHOR', 0),
    (31, 42, 'EDITOR', 1),
    (31, 43, 'AUTHOR', 2),
    (32, 44, 'AUTHOR', 0),
    (32, 45, 'EDITOR', 1),
    (32, 46, 'AUTHOR', 2),
    (33, 47, 'AUTHOR', 0),
    (33, 48, 'EDITOR', 1),
    (33, 49, 'AUTHOR', 2),
    (34, 50, 'AUTHOR', 0),
    (34, 1, 'EDITOR', 1),
    (34, 2, 'AUTHOR', 2),
    (35, 3, 'AUTHOR', 0),
    (35, 4, 'EDITOR', 1),
    (35, 5, 'AUTHOR', 2),
    (36, 6, 'AUTHOR', 0),
    (36, 7, 'EDITOR', 1),
    (36, 8, 'AUTHOR', 2),
    (37, 9, 'AUTHOR', 0),
    (37, 10, 'EDITOR', 1),
    (37, 11, 'AUTHOR', 2),
    (38, 12, 'AUTHOR', 0),
    (38, 13, 'EDITOR', 1),
    (38, 14, 'AUTHOR', 2),
    (39, 15, 'AUTHOR', 0),
    (39, 16, 'EDITOR', 1),
    (39, 17, 'AUTHOR', 2),
    (40, 18, 'AUTHOR', 0),
    (40, 19, 'EDITOR', 1),
    (40, 20, 'AUTHOR', 2),
    (41, 21, 'AUTHOR', 0),
    (41, 22, 'EDITOR', 1),
    (41, 23, 'AUTHOR', 2),
    (42, 24, 'AUTHOR', 0),
    (42, 25, 'EDITOR', 1),
    (42, 26, 'AUTHOR', 2),
    (43, 27, 'AUTHOR', 0),
    (43, 28, 'EDITOR', 1),
    (43, 29, 'AUTHOR', 2),
    (44, 30, 'AUTHOR', 0),
    (44, 31, 'EDITOR', 1),
    (44, 32, 'AUTHOR', 2),
    (45, 33, 'AUTHOR', 0),
    (45, 34, 'EDITOR', 1),
    (45, 35, 'AUTHOR', 2),
    (46, 36, 'AUTHOR', 0),
    (46, 37, 'EDITOR', 1),
    (46, 38, 'AUTHOR', 2),
    (47, 39, 'AUTHOR', 0),
    (47, 40, 'EDITOR', 1),
    (47, 41, 'AUTHOR', 2),
    (48, 42, 'AUTHOR', 0),
    (48, 43, 'EDITOR', 1),
    (48, 44, 'AUTHOR', 2),
    (49, 45, 'AUTHOR', 0),
    (49, 46, 'EDITOR', 1),
    (49, 47, 'AUTHOR', 2),
    (50, 48, 'AUTHOR', 0),
    (50, 49, 'EDITOR', 1),
    (50, 50, 'AUTHOR', 2);

INSERT OR IGNORE INTO "publishers" ("id", "name", "location")
VALUES
    (1, 'Quantum Press', 'New York'),
    (2, 'Horizon Academic Publishing', 'London'),
    (3, 'Nexus Scientific Publishers', 'Tokyo'),
    (4, 'Riverstone Books', 'Sydney'),
    (5, 'Global Insight Press', 'Berlin'),
    (6, 'Meridian Literary Group', 'Toronto'),
    (7, 'Starlight Academic Press', 'Paris'),
    (8, 'Catalyst Publishing House', 'Mumbai'),
    (9, 'Nordic Horizon Publishing', 'Stockholm'),
    (10, 'Pacific Rim Publications', 'Singapore'),
    (11, 'Archipelago Press', 'Jakarta'),
    (12, 'Crossroads Media Group', 'São Paulo'),
    (13, 'Emerald Academic Publishers', 'Dublin'),
    (14, 'Silk Road Publishing', 'Beijing'),
    (15, 'Lighthouse Literary Works', 'Cape Town'),
    (16, 'Zenith Scientific Press', 'Moscow'),
    (17, 'Atlantis Publishing Group', 'Barcelona'),
    (18, 'Terra Nova Press', 'Mexico City'),
    (19, 'Equinox Academic Publishing', 'Amsterdam'),
    (20, 'Renaissance Literary House', 'Rome'),
    (21, 'Solstice Publishers', 'Seoul'),
    (22, 'Oasis Books', 'Dubai'),
    (23, 'Maple Leaf Academic Press', 'Montreal'),
    (24, 'Southern Cross Publishing', 'Wellington'),
    (25, 'Quantum Horizon Media', 'San Francisco');

INSERT OR IGNORE INTO "published" ("book_id", "publisher_id")
VALUES
    (1, 1),
    (2, 1),
    (3, 2),
    (4, 2),
    (5, 3),
    (6, 3),
    (7, 4),
    (8, 4),
    (9, 5),
    (10, 5),
    (11, 6),
    (12, 6),
    (13, 7),
    (14, 7),
    (15, 8),
    (16, 8),
    (17, 9),
    (18, 9),
    (19, 10),
    (20, 10),
    (21, 11),
    (22, 11),
    (23, 12),
    (24, 12),
    (25, 13),
    (26, 13),
    (27, 14),
    (28, 14),
    (29, 15),
    (30, 15),
    (31, 16),
    (32, 16),
    (33, 17),
    (34, 17),
    (35, 18),
    (36, 18),
    (37, 19),
    (38, 19),
    (39, 20),
    (40, 20),
    (41, 21),
    (42, 21),
    (43, 22),
    (44, 22),
    (45, 23),
    (46, 23),
    (47, 24),
    (48, 24),
    (49, 25),
    (50, 25);